tanggal,pm25,pm10,suhu,kelembapan,curah_hujan,kecepatan_angin,ispu
2026-01-01,20.2,33.47,27.15,80.61,1.75,1.68,28.24
2026-01-02,20.43,31.98,26.85,77.4,6.41,2.3,19.85
2026-01-03,17.46,27.62,28.11,75.14,1.83,2.76,20.68
2026-01-04,24.73,36.29,28.53,77.27,0.4,4.67,30.19
2026-01-05,17.13,19.56,27.36,75.14,2.87,3.73,14.88
2026-01-06,14.5,14.76,27.91,76.74,2.24,4.11,18.32
2026-01-07,17.59,30.53,28.78,73.61,5.66,2.59,21.82
2026-01-08,15.35,22.41,28.63,70.58,4.24,2.6,18.36
2026-01-09,17.12,23.56,28.78,70.29,1.61,3.86,25.61
2026-01-10,14.06,21.84,28.29,76.55,10.19,3.55,17.66
2026-01-11,21.03,36.57,29.0,77.12,2.55,3.94,24.55
2026-01-12,20.33,32.42,28.73,73.93,0.0,3.35,27.09
2026-01-13,24.66,34.95,28.09,74.29,0.0,3.72,27.5
2026-01-14,22.31,40.71,28.3,78.89,3.76,3.63,27.39
2026-01-15,22.47,42.73,27.61,74.75,3.13,4.12,24.94
2026-01-16,21.65,36.03,26.57,76.21,0.95,4.15,32.99
2026-01-17,27.4,47.34,26.81,80.33,0.56,2.2,36.41
2026-01-18,13.82,27.63,25.79,79.24,5.18,1.7,14.34
2026-01-19,15.66,29.92,26.38,80.93,4.14,4.3,23.22
2026-01-20,15.71,27.42,25.64,81.39,1.68,4.45,10.65
2026-01-21,17.5,30.12,25.35,83.01,5.48,2.68,11.33
2026-01-22,17.46,29.66,24.95,85.57,4.1,2.01,23.51
2026-01-23,17.85,22.18,25.82,83.15,1.85,3.58,20.89
2026-01-24,24.42,41.36,25.13,84.26,0.0,4.24,32.38
2026-01-25,15.85,17.78,25.07,78.65,0.52,4.94,12.51
2026-01-26,18.2,24.24,25.27,82.23,1.4,3.91,21.2
2026-01-27,11.7,24.66,25.93,80.03,6.9,3.2,19.81
2026-01-28,17.12,30.74,26.12,78.5,1.99,2.79,24.12
2026-01-29,15.63,31.67,26.47,78.28,1.91,3.51,20.4
2026-01-30,16.51,24.23,26.84,78.37,2.49,3.26,17.24
2026-01-31,21.0,26.79,28.07,79.83,0.69,2.69,23.88
2026-02-01,18.75,27.86,27.17,74.31,0.16,5.14,14.17
2026-02-02,10.37,16.58,27.48,76.03,5.39,4.93,10.95
2026-02-03,16.52,26.0,27.65,74.09,0.0,4.41,23.85
2026-02-04,13.54,26.66,28.65,73.63,0.0,2.76,11.73
2026-02-05,13.36,18.9,29.12,75.68,1.81,4.18,13.21
2026-02-06,12.86,21.7,28.65,74.32,6.02,4.01,10.0
2026-02-07,17.84,22.71,28.37,75.7,0.81,3.85,17.27
2026-02-08,15.11,25.67,28.38,72.72,0.57,4.5,18.98
2026-02-09,17.02,26.4,29.04,71.85,1.65,4.01,11.83
2026-02-10,14.53,18.77,28.93,73.22,3.46,4.09,17.97
2026-02-11,19.25,28.66,28.61,74.77,1.25,4.01,26.24
2026-02-12,12.31,18.16,27.73,75.41,6.78,3.77,10.21
2026-02-13,12.74,18.4,27.85,73.8,7.04,2.07,10.0
2026-02-14,18.18,37.04,27.43,77.14,1.81,3.57,19.34
2026-02-15,5.0,10.0,27.11,78.46,12.85,3.06,10.0
2026-02-16,20.83,31.07,27.06,84.07,2.42,2.48,14.2
2026-02-17,5.0,10.0,26.38,83.79,6.83,4.85,10.0
2026-02-18,10.62,12.0,26.28,79.23,3.35,4.88,10.0
2026-02-19,18.19,26.88,25.7,81.14,3.27,4.59,23.84
2026-02-20,22.62,31.62,25.59,79.4,0.0,3.7,24.64
2026-02-21,16.99,33.24,25.6,81.57,0.0,4.58,24.23
2026-02-22,19.06,28.72,24.48,83.6,1.37,3.51,25.12
2026-02-23,20.42,38.1,25.05,85.38,7.0,3.66,30.28
2026-02-24,19.29,30.21,25.05,81.3,3.4,2.63,21.18
2026-02-25,27.68,43.1,25.12,81.02,1.4,3.82,34.97
2026-02-26,18.19,27.75,25.52,77.42,4.53,3.55,13.47
2026-02-27,19.25,29.85,26.69,80.61,6.76,2.46,25.1
2026-02-28,25.21,47.67,25.83,77.91,2.22,3.46,28.19
2026-03-01,20.01,19.42,27.11,77.98,2.94,3.44,18.99
2026-03-02,14.56,12.56,26.16,76.25,2.49,4.94,14.4
2026-03-03,18.49,25.94,27.21,76.77,2.03,4.22,15.1
2026-03-04,20.5,31.85,27.81,72.45,0.34,3.51,25.82
2026-03-05,16.0,28.26,28.35,72.13,0.22,3.7,24.07
2026-03-06,16.0,27.16,28.69,78.54,4.5,3.54,19.68
2026-03-07,11.55,15.98,28.96,71.1,6.88,3.34,10.0
2026-03-08,22.06,39.29,28.54,71.05,1.39,2.63,26.65
2026-03-09,18.55,33.9,28.56,76.7,1.34,3.38,26.69
2026-03-10,19.26,30.78,29.22,78.84,0.0,2.9,17.68
2026-03-11,11.45,22.55,28.62,70.9,8.56,2.5,10.0
2026-03-12,17.56,28.58,27.92,72.93,0.45,3.91,25.08
2026-03-13,5.0,10.0,27.77,74.97,17.08,3.81,10.0
2026-03-14,16.01,28.3,27.6,78.52,0.76,2.07,22.23
2026-03-15,13.93,22.14,27.98,73.99,0.0,3.4,24.85
2026-03-16,16.82,26.07,27.45,76.47,2.52,4.3,21.41
2026-03-17,9.74,22.46,27.35,79.55,5.33,4.35,13.53
2026-03-18,7.14,10.0,26.41,79.91,4.75,4.32,17.1
2026-03-19,12.63,12.48,26.35,79.28,5.87,3.53,10.28
2026-03-20,18.99,23.49,26.25,80.67,0.04,2.82,19.64
2026-03-21,5.58,10.0,25.51,78.97,8.38,2.63,10.0
2026-03-22,9.2,12.98,25.67,81.85,8.82,3.78,10.0
2026-03-23,10.51,10.0,24.96,82.22,9.16,3.8,10.0
2026-03-24,14.17,17.03,25.03,83.44,3.07,4.53,11.13
2026-03-25,16.88,21.86,25.02,81.86,1.2,4.38,28.82
2026-03-26,12.77,32.09,24.69,83.7,1.0,3.39,19.11
2026-03-27,20.49,40.77,25.68,84.36,0.0,2.5,24.82
2026-03-28,16.94,24.2,25.43,82.03,0.8,3.24,24.13
2026-03-29,16.85,24.3,25.95,81.64,0.0,3.67,20.58
2026-03-30,21.63,27.77,26.51,80.14,0.0,3.34,25.13
2026-03-31,21.44,23.7,26.85,79.04,3.03,3.04,25.62
2026-04-01,23.03,35.11,27.33,76.56,1.48,3.7,22.49
2026-04-02,21.7,28.65,27.32,77.59,2.87,3.1,25.96
2026-04-03,15.94,24.29,27.52,75.77,4.93,3.0,24.51
2026-04-04,18.26,20.3,28.02,79.25,3.55,3.75,21.73
2026-04-05,20.8,28.42,27.49,77.43,3.21,3.18,21.98
2026-04-06,19.32,30.69,27.84,74.44,1.94,3.7,20.89
2026-04-07,20.74,33.98,28.05,71.72,0.39,3.72,23.82
2026-04-08,24.91,40.71,28.29,70.8,0.0,2.59,29.8
2026-04-09,21.43,26.61,28.99,75.41,0.86,3.12,23.88
2026-04-10,16.24,29.45,28.26,73.77,1.99,4.65,23.46
2026-04-11,19.95,26.92,28.37,74.63,2.36,2.57,15.87
2026-04-12,20.66,35.19,28.99,70.8,5.88,1.81,25.95
2026-04-13,22.81,35.31,27.88,76.92,1.73,2.01,26.06
2026-04-14,19.39,23.17,28.1,76.88,4.22,3.52,22.24
2026-04-15,23.83,35.36,26.91,74.74,0.0,3.52,24.42
2026-04-16,18.14,29.94,26.9,77.06,3.08,3.41,26.36
2026-04-17,20.29,34.51,26.15,79.57,2.82,4.47,29.16
2026-04-18,18.28,27.64,26.1,80.14,8.38,1.36,21.61
2026-04-19,15.92,32.33,26.36,80.35,1.48,3.82,14.58
2026-04-20,22.5,39.91,24.8,81.51,1.37,4.75,31.26
2026-04-21,16.1,23.68,25.66,81.83,4.96,2.6,18.76
2026-04-22,15.99,28.53,25.41,83.06,0.0,3.2,14.56
2026-04-23,15.42,33.57,24.91,85.92,2.99,2.9,19.71
2026-04-24,17.11,36.33,24.49,77.84,0.0,2.78,23.8
2026-04-25,9.1,10.0,25.32,82.28,11.81,3.24,10.0
2026-04-26,15.47,19.35,25.18,82.68,1.06,4.64,18.77
2026-04-27,15.35,31.22,25.78,82.31,0.0,4.97,22.04
2026-04-28,19.33,24.67,25.95,80.2,0.84,3.23,28.61
2026-04-29,13.35,14.07,27.07,76.52,3.01,5.02,18.56
2026-04-30,14.44,19.96,26.51,79.7,4.08,3.53,10.0
2026-05-01,9.22,16.39,26.49,81.45,8.0,4.9,10.0
2026-05-02,17.62,26.79,27.46,73.89,0.61,3.43,20.53
2026-05-03,5.31,10.0,27.84,77.69,5.19,3.6,10.0
2026-05-04,14.55,19.19,28.74,74.4,0.0,3.79,18.18
2026-05-05,5.92,10.0,28.76,74.16,0.0,6.04,12.9
2026-05-06,14.96,18.79,28.74,71.56,0.0,4.18,13.34
2026-05-07,16.52,37.01,29.44,72.58,0.29,2.93,24.01
2026-05-08,14.05,23.27,28.2,75.63,4.96,4.28,11.41
2026-05-09,19.92,35.3,28.47,74.19,0.65,3.21,22.59
2026-05-10,17.28,24.34,28.25,76.71,1.02,3.11,26.79
2026-05-11,11.96,17.61,28.36,76.02,3.11,4.23,11.13
2026-05-12,15.44,20.37,27.65,75.16,3.89,3.52,18.1
2026-05-13,15.36,10.55,28.38,78.55,1.09,3.72,10.0
2026-05-14,18.44,21.69,27.62,76.84,0.0,3.51,29.36
2026-05-15,12.41,10.19,26.64,78.62,10.24,3.77,10.31
2026-05-16,16.2,13.86,26.49,77.41,1.1,3.84,16.68
2026-05-17,23.32,30.17,26.78,79.17,1.33,1.95,29.64
2026-05-18,20.09,37.77,26.69,78.64,1.65,4.03,19.7
2026-05-19,15.43,23.69,26.94,82.92,4.35,2.71,22.21
2026-05-20,25.66,46.23,27.12,79.36,0.0,2.35,32.1
2026-05-21,11.75,20.26,25.65,83.89,13.7,3.45,10.0
2026-05-22,21.14,36.68,24.79,82.37,1.26,3.57,24.29
2026-05-23,17.05,21.92,24.14,85.32,4.51,2.95,15.66
2026-05-24,19.24,32.43,25.34,84.47,0.0,4.16,27.73
2026-05-25,20.52,35.45,24.88,86.4,2.74,2.43,26.22
2026-05-26,14.2,19.13,25.23,83.79,12.02,3.17,13.03
2026-05-27,10.66,19.32,25.36,78.57,10.65,3.03,10.0
2026-05-28,20.08,33.96,25.87,80.81,4.39,3.46,25.09
2026-05-29,18.07,25.26,26.8,77.69,0.19,3.72,20.26
2026-05-30,15.84,18.94,26.7,78.0,7.62,2.69,23.15
2026-05-31,21.82,27.9,26.92,81.02,0.0,4.08,20.35
2026-06-01,28.93,45.27,26.86,78.24,0.14,3.55,41.02
2026-06-02,17.37,28.56,26.89,74.57,1.95,1.99,25.84
2026-06-03,26.52,37.15,27.81,73.03,0.84,1.93,27.96
2026-06-04,16.14,25.15,28.31,74.35,5.3,3.49,25.95
2026-06-05,20.82,35.12,29.44,71.24,0.46,3.32,30.1
2026-06-06,14.89,26.17,28.78,71.9,5.55,3.42,19.57
2026-06-07,5.5,16.28,29.28,73.65,16.71,3.48,10.0
2026-06-08,15.01,29.65,28.54,75.34,3.56,3.68,17.18
2026-06-09,16.81,21.05,28.12,74.46,5.46,4.26,15.96
2026-06-10,10.29,24.36,28.08,69.09,7.86,2.61,10.5
2026-06-11,21.46,30.61,27.98,74.89,1.03,2.56,31.21
2026-06-12,11.85,23.6,29.12,75.21,5.33,2.63,13.81
2026-06-13,15.81,24.85,27.32,76.79,0.98,3.73,15.64
2026-06-14,9.7,12.97,27.79,80.19,3.28,4.5,13.94
2026-06-15,12.7,10.65,26.55,73.87,6.15,3.15,13.65
2026-06-16,23.51,35.58,27.09,77.86,0.26,1.5,31.66
2026-06-17,18.49,20.86,26.46,81.22,0.0,2.14,25.04
2026-06-18,16.63,30.61,25.86,77.78,0.12,2.83,20.17
2026-06-19,8.02,20.01,25.64,84.67,7.04,3.05,10.0
2026-06-20,16.72,21.93,25.11,83.07,0.0,3.17,16.91
2026-06-21,6.36,11.37,25.51,84.45,6.68,3.53,10.0
2026-06-22,14.58,18.98,24.98,81.83,0.13,3.25,18.46
2026-06-23,15.67,21.15,24.6,84.6,1.56,4.34,18.02
2026-06-24,20.63,35.85,24.65,84.89,2.16,2.96,23.66
2026-06-25,27.34,42.19,25.53,82.8,0.0,2.81,22.4
2026-06-26,14.5,31.17,26.45,82.18,1.59,3.88,14.33
2026-06-27,24.55,35.65,26.02,81.48,0.0,2.27,34.86
2026-06-28,17.79,32.57,26.21,78.31,1.23,3.81,19.59
2026-06-29,16.77,26.48,26.77,78.74,1.91,3.58,21.47
